,,,,,,,,,,,,,,,,,,,,,,,,,
,,,,,,,,,,,,,,,,,,,,,,,,,
,,,,,,,,,,,,,,,,,,,,,,,,,
,,,,,,,,,,,,,,,,,,,,,,,,,
,,,,,,,,,,,,,,,,,,,,,,,,,
priority,"message
type",frame type,"Message
ID",DLC,"D0
B1","D1
B2","D2
B3","D3
B4","D4
B5","D5
B6","D6
B7","D7
B8",Msg Rate (Hz),c def,Comments,,,,,,,,,,
,,,,,priority 0: error messages,,,,,,,,,,,,,,,,,,,,
,canerr,error,0x100,8,node id,node id,node id,node id,data 0,data 1,data 2,data 3,10,CANERR_OVER_CURRENT,error condition over current,,,,,,,,,,
,canerr,error,0x101,8,node id,node id,node id,node id,data 0,data 1,data 2,data 3,10,CANERR_OVER_VOLTAGE,error condition over temp,,,,,,,,,,
,canerr,error,0x102,8,node id,node id,node id,node id,data 0,data 1,data 2,data 3,10,CANNERR_OVER_VOLTAGE,error condition over volt,,,,,,,,,,
,canerr,error,0x103,8,node id,node id,node id,node id,data 0,data 1,data 2,data 3,10,CANERR_GEN_ALARM,general alarm,,,,,,,,,,
,canerr,error,0x104,8,node id,node id,node id,node id,data 0,data 1,data 2,data 3,10,CANERR_STORED_ERROR,node has a stored error to transmit,,,,,,,,,,
,canerr,error,0x105,4,node id,node id,node id,node id,,,,,10,CANERR_RESERVED_105,canerr reserved 105,,,,,,,,,,
,canerr,error,0x106,4,node id,node id,node id,node id,,,,,10,CANERR_RESERVED_106,canerr reserved 106,,,,,,,,,,
,canerr,error,0x107,4,node id,node id,node id,node id,,,,,10,CANERR_RESERVED_107,canerr reserved 107,,,,,,,,,,
,canerr,error,0x108,4,node id,node id,node id,node id,,,,,10,CANERR_RESERVED_108,canerr reserved 108,,,,,,,,,,
,canerr,error,0x109,4,node id,node id,node id,node id,,,,,10,CANERR_RESERVED_109,canerr reserved 109,,,,,,,,,,
,,,,,,,,,,,,,,,,,,,,,,,,,
,,,,,,,,,,,,,,,,,,,,,,,,,
,,,,,,,,,,,,,,,,,,,,,,,,,
,,,,,priority 1: box - switch output commands - MAX ID 0x13F ,,,,,,,,,,,,,,,,,,,,
,sw,data,0x110,4,node id,node id,node id,node id,,,,,1,SW_RESERVED_110,sw reserved 110,,,,,,,,,,
,sw,data,0x111,4,node id,node id,node id,node id,,,,,1,SW_RESERVED_111,sw reserved 111,,,,,,,,,,
,sw,data,0x112,6,node id,node id,node id,node id,switch id,switch mode,,,1,SW_SET_MODE,set switch mode,,,,,,,,,,
,sw,data,0x113,5,node id,node id,node id,node id,switch id,,,,1,SW_SET_OFF,switch off,,,,,,,,,,
,sw,data,0x114,5,node id,node id,node id,node id,switch id,,,,1,SW_SET_ON,switch on,,,,,,,,,,
,sw,data,0x115,5,node id,node id,node id,node id,switch id,,,,1,SW_MOM_PRESS,switch momentary press,,,,,,,,,,
,sw,data,0x116,6,node id,node id,node id,node id,switch id,duration,,,1,SW_SET_MOM_DUR,set momentary switch duration ms,,,,,,,,,,
,sw,data,0x117,6,node id,node id,node id,node id,switch id,duty,,,1,SW_SET_PWM_DUTY,switch set pwm duty,,,,,,,,,,
,sw,data,0x118,6,node id,node id,node id,node id,switch id,freq,,,1,SW_SET_PWM_FREQ,switch set pwm freq,,,,,,,,,,
,sw,data,0x119,6,node id,node id,node id,node id,switch id,blink rate,,,1,SW_SET_BLINK_DELAY,switch set blink delay in tenths of a second 1-100,,,,,,,,,,
,sw,data,0x11A,6,node id,node id,node id,node id,switch id,strobe pattern,,,1,SW_SET_STROBE_PAT,switch set strobe pattern,,,,,,,,,,
,sw,data,0x11B,6,node id,node id,node id,node id,switch id,memory,,,1,SW_SET_STATE_MEM,enable / disable switch last state memory,,,,,,,,,,
,sw,data,0x11C,4,node id,node id,node id,node id,,,,,1,SW_RESERVED_11C,sw reserved 11c,,,,,,,,,,
,sw,data,0x11D,4,node id,node id,node id,node id,,,,,1,SW_RESERVED_11D,sw reserved 11d,,,,,,,,,,
,sw,data,0x11E,4,node id,node id,node id,node id,,,,,1,SW_RESERVED_11E,sw reserved 11e,,,,,,,,,,
,sw,data,0x11F,4,node id,node id,node id,node id,,,,,1,SW_RESERVED_11F,sw reserved 11f,,,,,,,,,,
,sw,data,0x13A,4,node id,node id,node id,node id,,,,,1,SW_RESERVED_13A,sw reserved 13a,,,,,,,,,,
,sw,data,0x13B,4,node id,node id,node id,node id,,,,,1,SW_RESERVED_13B,sw reserved 13b,,,,,,,,,,
,sw,data,0x13C,4,node id,node id,node id,node id,,,,,1,SW_RESERVED_13C,sw reserved 13c,,,,,,,,,,
,sw,data,0x13D,4,node id,node id,node id,node id,,,,,1,SW_RESERVED_13D,sw reserved 13d,,,,,,,,,,
,sw,data,0x13E,4,node id,node id,node id,node id,,,,,1,SW_RESERVED_13E,sw reserved 13e,,,,,,,,,,
,sw,data,0x13F,4,node id,node id,node id,node id,,,,,1,SW_RESERVED_13F,sw reserved 13f,,,,,,,,,,
,,,,,,,,,,,,,,,,,,,,,,,,,
,,,,,,,,,,,,,,,,,,,,,,,,,
,,,,,priority 2: user interface commands,,,,,,,,,,,,,,,,,,,,
,set display,data,0x200,5,node id,node id,node id,node id,display id,,,,4,SET_DISPLAY_OFF,set display off,,,,,,,,,,
,set display,data,0x201,5,node id,node id,node id,node id,display id,,,,4,SET_DISPLAY_ON,set display on,,,,,,,,,,
,set display,data,0x202,5,node id,node id,node id,node id,display id,,,,4,SET_DISPLAY_CLEAR,set display clear,,,,,,,,,,
,set display,data,0x203,6,node id,node id,node id,node id,display id,flash rate,,,4,SET_DISPLAY_FLASH,set display flash,,,,,,,,,,
,set display,data,0x204,6,node id,node id,node id,node id,display id,color index,,,4,SET_DISPLAY_BACKLIGHT_COLOR,set display backlight color,,,,,,,,,,
,set display,data,0x205,6,node id,node id,node id,node id,display id,brightness,,,4,SET_DISPLAY_BACKLIGHT_BRIGHTNESS,set display backlight brightness,,,,,,,,,,
,set display,data,0x206,7,node id,node id,node id,node id,display id,msg id,msg id,,4,REQ_DISPLAY_CONFIG,req display config,,,,,,,,,,
,set display,data,0x207,7,node id,node id,node id,node id,display id,msg id,msg id,,4,REQ_DISPLAY_DATA,req display data,,,,,,,,,,
,set display,data,0x208,6,node id,node id,node id,node id,display id,color index,,,4,SET_OLED_FIELD_COLOR,set oled field color,,,,,,,,,,
,set display,data,0x209,7,node id,node id,node id,node id,display id,blink rate,blink rate,,4,SET_OLED_FIELD_BLINK,set oled field blink,,,,,,,,,,
,set display,data,0x20A,6,node id,node id,node id,node id,display id,strobe pattern,,,4,SET_OLED_FIELD_STROBE,set oled field strobe,,,,,,,,,,
,set display,data,0x20B,4,node id,node id,node id,node id,,,,,4,SET_DISPLAY_RESERVED_20B,set display reserved 20b,,,,,,,,,,
,set display,data,0x20C,4,node id,node id,node id,node id,,,,,4,SET_DISPLAY_RESERVED_20C,set display reserved 20c,,,,,,,,,,
,set display,data,0x20D,8,display data,display data,display data,display data,display data,display data,display data,display data,4,DISPLAY_DATA_MSG,display data msg,,,,,,,,,,
,set display,data,0x20E,8,display data,display data,display data,display data,display data,display data,display data,display data,4,DISPLAY_DATA_ACK,display data ack,,,,,,,,,,
,set display,data,0x20F,4,node id,node id,node id,node id,,,,,4,SET_DISPLAY_RESERVED_20F,set display reserved 20f,,,,,,,,,,
,set led,data,0x210,6,node id,node id,node id,node id,display id,color index,,,4,SET_ARGB_STRIP_COLOR,set argb strip color,,,,,,,,,,
,set led,data,0x211,6,node id,node id,node id,node id,display id,color index,,,4,SET_ARGBW_STRIP_COLOR,set argbw strip color,,,,,,,,,,
,set led,data,0x212,8,node id,node id,node id,node id,display id,red value,blue value,green value,4,SET_ANALOG_STRIP_COLOR,set analog strip color,,,,,,,,,,
,set led,data,0x213,6,node id,node id,node id,node id,display id,effect index,,,4,SET_ADDR_STRIP_EFFECT,set addr strip effect,,,,,,,,,,
,set led,data,0x214,6,node id,node id,node id,node id,display id,brightness,,,4,SET_LED_STRIP_BRIGHTNESS,set led strip brightness,,,,,,,,,,
,set led,data,0x215,5,node id,node id,node id,node id,display id,,,,4,SET_LED_STRIP_OFF,set led strip off,,,,,,,,,,
,set led,data,0x216,5,node id,node id,node id,node id,display id,,,,4,SET_LED_STRIP_ON,set led strip on,,,,,,,,,,
,set led,data,0x217,4,node id,node id,node id,node id,,,,,4,SET_LED_RESERVED_217,set led reserved 217,,,,,,,,,,
,set led,data,0x218,4,node id,node id,node id,node id,,,,,4,SET_LED_RESERVED_218,set led reserved 218,,,,,,,,,,
,set led,data,0x219,4,node id,node id,node id,node id,,,,,4,SET_LED_RESERVED_219,set led reserved 219,,,,,,,,,,
,set led,data,0x21A,4,node id,node id,node id,node id,,,,,4,SET_LED_RESERVED_21A,set led reserved 21a,,,,,,,,,,
,set led,data,0x21B,4,node id,node id,node id,node id,,,,,4,SET_LED_RESERVED_21B,set led reserved 21b,,,,,,,,,,
,set led,data,0x21C,4,node id,node id,node id,node id,,,,,4,SET_LED_RESERVED_21C,set led reserved 21c,,,,,,,,,,
,set led,data,0x21D,4,node id,node id,node id,node id,,,,,4,SET_LED_RESERVED_21D,set led reserved 21d,,,,,,,,,,
,set led,data,0x21E,4,node id,node id,node id,node id,,,,,4,SET_LED_RESERVED_21E,set led reserved 21e,,,,,,,,,,
,set led,data,0x21F,4,node id,node id,node id,node id,,,,,4,SET_LED_RESERVED_21F,set led reserved 21f,,,,,,,,,,
,set button,data,0x220,6,node id,node id,node id,node id,button id,color index,,,4,SET_ARGB_BUTTON_COLOR,set argb button color,,,,,,,,,,
,set button,data,0x221,6,node id,node id,node id,node id,button id,mode select,,,4,SET_ARGB_BUTTON_LED_MODE,set argb button led mode,,,,,,,,,,
,set button,data,0x222,4,node id,node id,node id,node id,,,,,4,SET_BUTTON_MODE,"set button mode 0 disabled, 1 toggle, 2 momentary",,,,,,,,,,
,set button,data,0x223,4,node id,node id,node id,node id,,,,,4,SET_BUTTON_RESERVED_223,set button reserved 223,,,,,,,,,,
,set button,data,0x224,4,node id,node id,node id,node id,,,,,4,SET_BUTTON_RESERVED_224,set button reserved 224,,,,,,,,,,
,set button,data,0x225,4,node id,node id,node id,node id,,,,,4,SET_BUTTON_RESERVED_225,set button reserved 225,,,,,,,,,,
,set button,data,0x226,4,node id,node id,node id,node id,,,,,4,SET_BUTTON_RESERVED_226,set button reserved 226,,,,,,,,,,
,set button,data,0x227,4,node id,node id,node id,node id,,,,,4,SET_BUTTON_RESERVED_227,set button reserved 227,,,,,,,,,,
,set button,data,0x228,4,node id,node id,node id,node id,,,,,4,SET_BUTTON_RESERVED_228,set button reserved 228,,,,,,,,,,
,set button,data,0x229,4,node id,node id,node id,node id,,,,,4,SET_BUTTON_RESERVED_229,set button reserved 229,,,,,,,,,,
,set button,data,0x22A,4,node id,node id,node id,node id,,,,,4,SET_BUTTON_RESERVED_22A,set button reserved 22a,,,,,,,,,,
,set button,data,0x22B,4,node id,node id,node id,node id,,,,,4,SET_BUTTON_RESERVED_22B,set button reserved 22b,,,,,,,,,,
,set button,data,0x22C,4,node id,node id,node id,node id,,,,,4,SET_BUTTON_RESERVED_22C,set button reserved 22c,,,,,,,,,,
,set button,data,0x22D,4,node id,node id,node id,node id,,,,,4,SET_BUTTON_RESERVED_22D,set button reserved 22d,,,,,,,,,,
,set button,data,0x22E,4,node id,node id,node id,node id,,,,,4,SET_BUTTON_RESERVED_22E,set button reserved 22e,,,,,,,,,,
,set button,data,0x22F,4,node id,node id,node id,node id,,,,,4,SET_BUTTON_RESERVED_22F,set button reserved 22f,,,,,,,,,,
,,,,,,,,,,,,,,,,,,,,,,,,,
,,,,,,,,,,,,,,,,,,,,,,,,,
,,,,,priority 3: reserved,,,,,,,,,,,,,,,,,,,,
,,data,0x310,0,,,,,,,,,,,,,,,,,,,,,
,,data,0x311,0,,,,,,,,,,,,,,,,,,,,,
,,data,0x312,0,,,,,,,,,,,,,,,,,,,,,
,,data,0x313,0,,,,,,,,,,,,,,,,,,,,,
,,data,0x314,0,,,,,,,,,,,,,,,,,,,,,
,,data,0x315,0,,,,,,,,,,,,,,,,,,,,,
,,data,0x316,0,,,,,,,,,,,,,,,,,,,,,
,,data,0x317,0,,,,,,,,,,,,,,,,,,,,,
,,data,0x318,0,,,,,,,,,,,,,,,,,,,,,
,,data,0x319,0,,,,,,,,,,,,,,,,,,,,,
,,data,0x31A,0,,,,,,,,,,,,,,,,,,,,,
,,data,0x31B,0,,,,,,,,,,,,,,,,,,,,,
,,data,0x31C,0,,,,,,,,,,,,,,,,,,,,,
,,data,0x31D,0,,,,,,,,,,,,,,,,,,,,,
,,data,0x31E,0,,,,,,,,,,,,,,,,,,,,,
,,data,0x31F,0,,,,,,,,,,,,,,,,,,,,,
,,data,0x320,0,,,,,,,,,,,,,,,,,,,,,
,,data,0x321,0,,,,,,,,,,,,,,,,,,,,,
,,data,0x322,0,,,,,,,,,,,,,,,,,,,,,
,,data,0x323,0,,,,,,,,,,,,,,,,,,,,,
,,data,0x324,0,,,,,,,,,,,,,,,,,,,,,
,,data,0x325,0,,,,,,,,,,,,,,,,,,,,,
,,data,0x326,0,,,,,,,,,,,,,,,,,,,,,
,,data,0x327,0,,,,,,,,,,,,,,,,,,,,,
,,data,0x328,0,,,,,,,,,,,,,,,,,,,,,
,,data,0x329,0,,,,,,,,,,,,,,,,,,,,,
,,data,0x32A,0,,,,,,,,,,,,,,,,,,,,,
,,data,0x32B,0,,,,,,,,,,,,,,,,,,,,,
,,data,0x32C,0,,,,,,,,,,,,,,,,,,,,,
,,data,0x32D,0,,,,,,,,,,,,,,,,,,,,,
,,,,,,,,,,,,,,,,,,,,,,,,,
,,,,,,,,,,,,,,,,,,,,,,,,,
,,,,,,,,,,,,,,,,,,,,,,,,,
3,,,,,priority 4: identity request and configuration messages,,,,,,,,,,,,,,,,,,,,
,req,data,0x400,4,node id,node id,node id,node id,,,,,1,ACK_INTRO,"acknowledge introduction, clear flag on remote device",,,,,,,,,,
,req,data,0x401,4,node id,node id,node id,node id,,,,,1,REQ_NODE_INTRO,general intro request for all node types,,,,,,,,,,
,req,data,0x402,4,node id,node id,node id,node id,,,,,1,MSG_NORM_OPER,"message to all nodes to being normal operation, sent after introduction and enumeration are complete",,,,,,,,,,
,req,data,0x403,4,node id,node id,node id,node id,,,,,1,MSG_HALT_OPER,message to all nodes to stop transmitting messages and wait for instructions,,,,,,,,,,
,req,data,0x404,4,node id,node id,node id,node id,,,,,1,REQ_NODECHECK,remote nodes should respond with their node id and last boot timestamp,,,,,,,,,,
,req,data,0x405,4,node id,node id,node id,node id,,,,,1,REQ_HEALTHCHECK,remote nodes should respond with diagnostic sensor data,,,,,,,,,5,REQ_BUTTONS
,req,data,0x406,4,node id,node id,node id,node id,,,,,1,REQ_IFACE,"req interfaces node include buttons, displays leds and sensors",,,,,,,,,5,REQ_OUTPUTS
,req,data,0x407,4,node id,node id,node id,node id,,,,,1,REQ_SWITCHBOX,req switch boxes nodes include anything that controls a load,,,,,,,,,5,REQ_DISPLAYS
,req,data,0x408,4,node id,node id,node id,node id,,,,,1,REQ_RESERVED_408,req reserved 408,,,,,,,,,5,REQ_TEMP_SENSOR
,req,data,0x409,4,node id,node id,node id,node id,,,,,1,REQ_RESERVED_409,req reserved 409,,,,,,,,,5,REQ_VOLT_SENSOR
,req,data,0x40A,4,node id,node id,node id,node id,,,,,1,REQ_RESERVED_40A,req reserved 40a,,,,,,,,,5,REQ_AMP_SENSOR
,req,data,0x40B,4,node id,node id,node id,node id,,,,,1,REQ_RESERVED_40B,req reserved 40b,,,,,,,,,5,REQ_CLOSURE_INPUT
,req,data,0x40C,8,node id,node id,node id,node id,unixtime,unixtime,unixtime,unixtime,1,DATA_EPOCH,epoch timestamp from controller,,,,,,,,,5,REQ_AMBIENT_LIGHT
,req,data,0x40D,6,node id,node id,node id,node id,data msg id,data msg id,,,1,DATA_SENSOR_MSG,controller assigned message id to use for transferring sensor data range 52A:53F,,,,,,,,,5,REQ_IMU_SENSORS
,req,data,0x40E,4,node id,node id,node id,node id,,,,,1,REQ_RESERVED_40E,req reserved 40e,,,,,,,,,,
,req,data,0x40F,4,node id,node id,node id,node id,,,,,1,REQ_RESERVED_40F,req reserved 40f,,,,,,,,,,
,req,data,0x410,4,node id,node id,node id,node id,,,,,1,REQ_DIGITAL_INPUTS,req digital inputs (gpio type),,,,,,,,,,
,req,data,0x411,4,node id,node id,node id,node id,,,,,1,REQ_DIGITAL_OUTPUTS,req digital outputs (gpio type),,,,,,,,,,
,req,data,0x412,4,node id,node id,node id,node id,,,,,1,REQ_DISPLAYS,"req displays (eg lcd, oled, argb, led)",,,,,,,,,,
,req,data,0x413,4,node id,node id,node id,node id,,,,,1,REQ_TEMP_SENSOR,req temp sensor,,,,,,,,,,
,req,data,0x414,4,node id,node id,node id,node id,,,,,1,REQ_VOLT_SENSOR,req volt sensor,,,,,,,,,,
,req,data,0x415,4,node id,node id,node id,node id,,,,,1,REQ_AMP_SENSOR,req amp sensor,,,,,,,,,,
,req,data,0x416,4,node id,node id,node id,node id,,,,,1,REQ_ANALOG_INPUTS,req analog inputs,,,,,,,,,,
,req,data,0x417,4,node id,node id,node id,node id,,,,,1,REQ_AMBIENT_LIGHT,req ambient light sensors,,,,,,,,,,
,req,data,0x418,4,node id,node id,node id,node id,,,,,1,REQ_IMU_SENSORS,req imu sensors,,,,,,,,,,
,req,data,0x419,4,node id,node id,node id,node id,,,,,1,REQ_RESERVED_419,req reserved 419,,,,,,,,,,
,req,data,0x41A,4,node id,node id,node id,node id,,,,,1,REQ_RESERVED_41A,req reserved 41a,,,,,,,,,,
,req,data,0x41B,4,node id,node id,node id,node id,,,,,1,REQ_RESERVED_41B,req reserved 41b,,,,,,,,,,
,req,data,0x41C,4,node id,node id,node id,node id,,,,,1,REQ_RESERVED_41C,req reserved 41c,,,,,,,,,,
,req,data,0x41D,4,node id,node id,node id,node id,,,,,1,REQ_RESERVED_41D,req reserved 41d,,,,,,,,,,
,req,data,0x41E,4,node id,node id,node id,node id,,,,,1,REQ_RESERVED_41E,req reserved 41e,,,,,,,,,,
,req,data,0x41F,4,node id,node id,node id,node id,,,,,1,REQ_RESERVED_41F,req reserved 41f,,,,,,,,,,
,cfg,data,0x420,4,node id,node id,node id,node id,,,,,1,CFG_RESERVED_420,cfg reserved 420,,,,,,,,,,
,cfg,data,0x421,4,node id,node id,node id,node id,,,,,1,CFG_RESERVED_421,cfg reserved 421,,,,,,,,,,
,cfg,data,0x422,4,node id,node id,node id,node id,,,,,1,CFG_RESERVED_422,cfg reserved 422,,,,,,,,,,
,cfg,data,0x423,4,node id,node id,node id,node id,,,,,1,CFG_RESERVED_423,cfg reserved 423,,,,,,,,,,
,cfg,data,0x424,4,node id,node id,node id,node id,,,,,1,CFG_RESERVED_424,cfg reserved 424,,,,,,,,,,
,cfg,data,0x425,4,node id,node id,node id,node id,,,,,1,CFG_RESERVED_425,cfg reserved 425,,,,,,,,,,
,cfg,data,0x426,4,node id,node id,node id,node id,,,,,1,CFG_RESERVED_426,cfg reserved 426,,,,,,,,,,
,cfg,data,0x427,4,node id,node id,node id,node id,,,,,1,CFG_RESERVED_427,cfg reserved 427,,,,,,,,,,
,cfg,data,0x428,4,node id,node id,node id,node id,,,,,1,CFG_RESERVED_428,cfg reserved 428,,,,,,,,,,
,cfg,data,0x429,8,node id,node id,node id,node id,sub module index,raw data 0,raw data 1,raw data 2,1,CFG_SUB_RAW_DATA,cfg sub raw data,,,,,,,,,,
,cfg,data,0x42A,7,node id,node id,node id,node id,datamsg_id,datamsg_id,datamsg_dlc,,1,CFG_NODE_DATA_MSG,node data msg,,,,,,,,,,
,cfg,data,0x42B,7,node id,node id,node id,node id,intromsg_id,intromsg_id,intromsg_dlc,,1,CFG_NODE_INTRO_MSG,node intro msg,,,,,,,,,,
,cfg,data,0x42C,8,node id,node id,node id,node id,sub module index,datamsg_id,datamsg_id,datamsg_dlc,1,CFG_SUB_DATA_MSG,sub data msg,,,,,,,,,,
,cfg,data,0x42D,8,node id,node id,node id,node id,sub module index,intromsg_id,intromsg_id,intromsg_dlc,1,CFG_SUB_INTRO_MSG,sub intro msg,,,,,,,,,,
,cfg,data,0x42E,4,node id,node id,node id,node id,,,,,1,COLORPICKER_READ_NVS,colorpicker read nvs,,,,,,,,,,
,cfg,data,0x42F,4,node id,node id,node id,node id,,,,,1,COLORPICKER_WRITE_NVS,colorpicker write nvs,,,,,,,,,,
,cfg,data,0x430,4,node id,node id,node id,node id,,,,,1,COLORPICKER_SEND_LIST,colorpicker send list,,,,,,,,,,
,cfg,data,0x431,4,node id,node id,node id,node id,,,,,1,COLORPICKER_PURGE_LIST,colorpicker purge list,,,,,,,,,,
,cfg,data,0x432,8,node id,node id,node id,node id,remote id,remote id,remote id,remote id,1,COLORPICKER_DEL_NODE,colorpicker del node,,,,,,,,,,
,cfg,data,0x433,8,node id,node id,node id,node id,remote id,remote id,remote id,remote id,1,COLORPICKER_ADD_NODE,colorpicker add node,,,,,,,,,,
,cfg,data,0x434,4,node id,node id,node id,node id,,,,,1,CFG_ERASE_NVS,erase nvs,,,,,,,,,,
,cfg,data,0x435,4,node id,node id,node id,node id,,,,,1,CFG_REBOOT,reboot,,,,,,,,,,
,cfg,data,0x436,6,node id,node id,node id,node id,crc-16,crc-16,,,1,CFG_WRITE_NVS,write nvs,,,,,,,,,,
,cfg,data,0x437,6,node id,node id,node id,node id,crc-16,crc-16,,,1,CFG_READ_NVS,read nvs,,,,,,,,,,
,cfg,data,0x438,8,node id,node id,node id,node id,sub module index,output pin,blink delay,strobe pattern,1,CFG_BLINK_OUTPUT,cfg blink output,,,,,,,,,,
,cfg,data,0x439,8,node id,node id,node id,node id,sub module index,strip number,color order,pin cfg index,1,CFG_ANALOG_STRIP,cfg analog strip,,,,,,,,,,
,cfg,data,0x43A,8,node id,node id,node id,node id,sub module index,output pin,led count,led count,1,CFG_ARGB_STRIP,cfg argb strip,,,,,,,,,,
,cfg,data,0x43B,8,node id,node id,node id,node id,sub module index,input pin,output resistor,debounce count,1,CFG_DIGITAL_INPUT,cfg digital input,,,,,,,,,,
,cfg,data,0x43C,8,node id,node id,node id,node id,sub module index,output pin,mom duration,output mode,1,CFG_DIGITAL_OUTPUT,cfg digital output,,,,,,,,,,
,cfg,data,0x43D,8,node id,node id,node id,node id,sub module index,input pin,over sample cnt,over sample cnt,1,CFG_ANALOG_INPUT,cfg analog input,,,,,,,,,,
,cfg,data,0x43E,8,node id,node id,node id,node id,sub module index,output pin,output mode,reserved,1,CFG_ANALOG_OUTPUT,cfg analog output,,,,,,,,,,
,cfg,data,0x43F,8,node id,node id,node id,node id,sub module index,output pin,pwm freq,pwm freq,1,CFG_PWM_OUTPUT,cfg pwm output,,,,,,,,,,
,,,,,,,,,,,,,,,,,,,,,,,,,
,,,,,,,,,,,,,,,,,,,,,,,,,
,,,,,priority 5: data messages max value 0x53F mask 0xFC0,,,,,,,,,,,,,,,,,,,,
,data,data,0x500,7,node id,node id,node id,node id,button id,event data,event data,,10,DATA_BUTTON_DOWN,button down,,,,,,,,,,
,data,data,0x501,7,node id,node id,node id,node id,button id,event data,event data,,10,DATA_BUTTON_UP,button up,,,,,,,,,,
,data,data,0x502,7,node id,node id,node id,node id,button id,event data,event data,,10,DATA_KEYSWITCH_LOCK,keyswitch lock,,,,,,,,,,
,data,data,0x503,7,node id,node id,node id,node id,button id,event data,event data,,10,DATA_KEYSWITCH_UNLOCK,keyswitch unlock,,,,,,,,,,
,data,data,0x504,7,node id,node id,node id,node id,button id,event data,event data,,10,DATA_DIAL_CLOCKWISE,dial clockwise,,,,,,,,,,
,data,data,0x505,7,node id,node id,node id,node id,button id,event data,event data,,10,DATA_DIAL_COUNTER_CLOCKWISE,dial counter clockwise,,,,,,,,,,
,data,data,0x506,7,node id,node id,node id,node id,button id,event data,event data,,10,DATA_DIAL_CLICK,dial click,,,,,,,,,,
,data,data,0x507,8,node id,node id,node id,node id,sensor id,sensor data,sensor data,sensor data,10,DATA_EXTERNAL_CURRENT,external current,,,,,,,,,,
,data,data,0x508,7,node id,node id,node id,node id,button id,event data,event data,,10,DATA_CONTACT_CLOSED,contact closed,,,,,,,,,,
,data,data,0x509,7,node id,node id,node id,node id,button id,event data,event data,,10,DATA_CONTACT_OPENED,contact opened,,,,,,,,,,
,data,data,0x50A,8,node id,node id,node id,node id,sensor id,sensor data,sensor data,sensor data,10,DATA_INTERNAL_PCB_TEMP,internal pcb temp,,,,,,,,,,
,data,data,0x50B,8,node id,node id,node id,node id,sensor id,sensor data,sensor data,sensor data,10,DATA_INTERNAL_PCB_VOLTS,internal pcb volts,,,,,,,,,,
,data,data,0x50C,8,node id,node id,node id,node id,sensor id,sensor data,sensor data,sensor data,10,DATA_INTERNAL_PCB_CURRENT,internal pcb current,,,,,,,,,,
,data,data,0x50D,8,node id,node id,node id,node id,sensor id,sensor data,sensor data,sensor data,10,DATA_EXTERNAL_TEMPERATURE,external temperature,,,,,,,,,,
,data,data,0x50E,8,node id,node id,node id,node id,sensor id,sensor data,sensor data,sensor data,10,DATA_EXTERNAL_VOLTS,external volts,,,,,,,,,,
,data,data,0x50F,7,node id,node id,node id,node id,sensor id,sensor data,sensor data,,10,DATA_ADC_RAW,adc raw,,,,,,,,,,
,data,data,0x510,5,node id,node id,node id,node id,sensor id,,,,10,DATA_AMBIENT_LIGHT_USE_PRIV_MSG,ambient light USE PRIV MSG,,,,,,,,,,
,data,data,0x511,5,node id,node id,node id,node id,sensor id,,,,10,DATA_IMU_X_AXIS,IMU X Axis USE PRIV MSG,,,,,,,,,,
,data,data,0x512,5,node id,node id,node id,node id,sensor id,,,,10,DATA_IMU_Y_AXIS,IMU Y Axis USE PRIV MSG,,,,,,,,,,
,data,data,0x513,5,node id,node id,node id,node id,sensor id,,,,10,DATA_IMU_Z_AXIS,IMU Z Axis USE PRIV MSG,,,,,,,,,,
,data,data,0x514,5,node id,node id,node id,node id,sensor id,,,,10,DATA_IMU_X_GYRO,IMU X Gyro USE PRIV MSG,,,,,,,,,,
,data,data,0x515,5,node id,node id,node id,node id,sensor id,,,,10,DATA_IMU_Y_GYRO,IMU Y Gyro USE PRIV MSG,,,,,,,,,,
,data,data,0x516,5,node id,node id,node id,node id,sensor id,,,,10,DATA_IMU_Z_GYRO,IMU Z Gyro USE PRIV MSG,,,,,,,,,,
,data,data,0x517,8,node id,node id,node id,node id,sensor data,sensor data,sensor data,sensor data,10,DATA_IMU_TEMPERATURE,IMU temperature,,,,,,,,,,
,data,data,0x518,8,node id,node id,node id,node id,sensor id,sensor data,sensor data,sensor data,10,DATA_ANALOG_KNOB_MV,analog knob mv,,,,,,,,,,
,data,data,0x519,4,node id,node id,node id,node id,,,,,10,DATA_DATA_RESERVED_519,data reserved 519,,,,,,,,,,
,data,data,0x51A,8,node id,node id,node id,node id,sensor data,sensor data,sensor data,sensor data,10,DATA_NODE_CPU_TEMP,node cpu temp,,,,,,,,,,
,data,data,0x51B,8,node id,node id,node id,node id,unixtime,unixtime,unixtime,unixtime,10,DATA_NODE_BOOT_TIMESTAMP,node boot timestamp,,,,,,,,,,
,data,data,0x51C,4,node id,node id,node id,node id,,,,,10,DATA_TOUCHSCREEN_EVENT,data touchscreen event,,,,,,,,,,
,data,data,0x51D,4,node id,node id,node id,node id,,,,,10,COLORPICKER_LIST_MEMBER,colorpicker list member,,,,,,,,,,
,data,data,0x51E,4,node id,node id,node id,node id,,,,,10,COLORPICKER_END_OF_LIST,colorpicker end of list,,,,,,,,,,
,data,data,0x51F,4,node id,node id,node id,node id,,,,,10,DATA_RESERVED_51F,data reserved 51f,,,,,,,,,,
,data,data,0x520,5,node id,node id,node id,node id,display id,,,,10,DATA_DISPLAY_OFF,display off,,,,,,,,,,
,data,data,0x521,5,node id,node id,node id,node id,display id,,,,10,DATA_DISPLAY_ON,display on,,,,,,,,,,
,data,data,0x522,5,node id,node id,node id,node id,display id,,,,10,DATA_DISPLAY_CLEAR,display clear,,,,,,,,,,
,data,data,0x523,6,node id,node id,node id,node id,display id,flash rate,,,10,DATA_DISPLAY_MODE,display mode,,,,,,,,,,
,data,data,0x524,6,node id,node id,node id,node id,button id,color index,,,10,DATA_ARGB_BUTTON_COLOR,argb button color,,,,,,,,,,
,data,data,0x525,7,node id,node id,node id,node id,button id,led mode,led mode,,10,DATA_ARGB_BUTTON_LED_MODE,argb button led mode,,,,,,,,,,
,data,data,0x526,6,node id,node id,node id,node id,crc-16,crc-16,,,10,DATA_CONFIG_CRC,data config crc,,,,,,,,,,
,data,data,0x527,8,node id,node id,node id,node id,unixtime,unixtime,unixtime,unixtime,10,DATA_CONFIG_TIMESTAMP,data config timestamp,,,,,,,,,,
,data,data,0x528,6,node id,node id,node id,node id,crc-16,crc-16,,,10,DATA_CFGWRITE_FAILED,data cfgwrite failed,,,,,,,,,,
,data,data,0x529,4,node id,node id,node id,node id,,,,,10,DATA_RESERVED_529,data reserved 529,,,,,,,,,,
,data,data,0x52A,8,sensor data,sensor data,sensor data,sensor data,sensor data,sensor data,sensor data,sensor data,10,DATA_RESERVED_52A,0x52A reserved private msg for 64-bit sensor data,,,,,,,,,,
,data,data,0x52B,8,sensor data,sensor data,sensor data,sensor data,sensor data,sensor data,sensor data,sensor data,10,DATA_RESERVED_52B,0x52B reserved private msg for 64-bit sensor data,,,,,,,,,,
,data,data,0x52C,8,sensor data,sensor data,sensor data,sensor data,sensor data,sensor data,sensor data,sensor data,10,DATA_RESERVED_52C,0x52C reserved private msg for 64-bit sensor data,,,,,,,,,,
,data,data,0x52D,8,sensor data,sensor data,sensor data,sensor data,sensor data,sensor data,sensor data,sensor data,10,DATA_RESERVED_52D,0x52D reserved private msg for 64-bit sensor data,,,,,,,,,,
,data,data,0x52E,8,sensor data,sensor data,sensor data,sensor data,sensor data,sensor data,sensor data,sensor data,10,DATA_RESERVED_52E,0x52E reserved private msg for 64-bit sensor data,,,,,,,,,,
,data,data,0x52F,8,sensor data,sensor data,sensor data,sensor data,sensor data,sensor data,sensor data,sensor data,10,DATA_RESERVED_52F,0x52F reserved private msg for 64-bit sensor data,,,,,,,,,,
,data,data,0x530,8,sensor data,sensor data,sensor data,sensor data,sensor data,sensor data,sensor data,sensor data,10,DATA_RESERVED_530,0x530 reserved private msg for 64-bit sensor data,,,,,,,,,,
,data,data,0x531,8,sensor data,sensor data,sensor data,sensor data,sensor data,sensor data,sensor data,sensor data,10,DATA_RESERVED_531,0x531 reserved private msg for 64-bit sensor data,,,,,,,,,,
,data,data,0x532,8,sensor data,sensor data,sensor data,sensor data,sensor data,sensor data,sensor data,sensor data,10,DATA_RESERVED_532,0x532 reserved private msg for 64-bit sensor data,,,,,,,,,,
,data,data,0x533,8,sensor data,sensor data,sensor data,sensor data,sensor data,sensor data,sensor data,sensor data,10,DATA_RESERVED_533,0x533 reserved private msg for 64-bit sensor data,,,,,,,,,,
,data,data,0x534,8,sensor data,sensor data,sensor data,sensor data,sensor data,sensor data,sensor data,sensor data,10,DATA_RESERVED_534,0x534 reserved private msg for 64-bit sensor data,,,,,,,,,,
,data,data,0x535,8,sensor data,sensor data,sensor data,sensor data,sensor data,sensor data,sensor data,sensor data,10,DATA_RESERVED_535,0x535 reserved private msg for 64-bit sensor data,,,,,,,,,,
,data,data,0x536,8,sensor data,sensor data,sensor data,sensor data,sensor data,sensor data,sensor data,sensor data,10,DATA_RESERVED_536,0x536 reserved private msg for 64-bit sensor data,,,,,,,,,,
,data,data,0x537,8,sensor data,sensor data,sensor data,sensor data,sensor data,sensor data,sensor data,sensor data,10,DATA_RESERVED_537,0x537 reserved private msg for 64-bit sensor data,,,,,,,,,,
,data,data,0x538,8,sensor data,sensor data,sensor data,sensor data,sensor data,sensor data,sensor data,sensor data,10,DATA_RESERVED_538,0x538 reserved private msg for 64-bit sensor data,,,,,,,,,,
,data,data,0x539,8,sensor data,sensor data,sensor data,sensor data,sensor data,sensor data,sensor data,sensor data,10,DATA_RESERVED_539,0x539 reserved private msg for 64-bit sensor data,,,,,,,,,,
,data,data,0x53A,8,sensor data,sensor data,sensor data,sensor data,sensor data,sensor data,sensor data,sensor data,10,DATA_RESERVED_53A,0x53A reserved private msg for 64-bit sensor data,,,,,,,,,,
,data,data,0x53B,8,sensor data,sensor data,sensor data,sensor data,sensor data,sensor data,sensor data,sensor data,10,DATA_RESERVED_53B,0x53B reserved private msg for 64-bit sensor data,,,,,,,,,,
,data,data,0x53C,8,sensor data,sensor data,sensor data,sensor data,sensor data,sensor data,sensor data,sensor data,10,DATA_RESERVED_53C,0x53C reserved private msg for 64-bit sensor data,,,,,,,,,,
,data,data,0x53D,8,sensor data,sensor data,sensor data,sensor data,sensor data,sensor data,sensor data,sensor data,10,DATA_RESERVED_53D,0x53D reserved private msg for 64-bit sensor data,,,,,,,,,,
,data,data,0x53E,8,sensor data,sensor data,sensor data,sensor data,sensor data,sensor data,sensor data,sensor data,10,DATA_RESERVED_53E,0x53E reserved private msg for 64-bit sensor data,,,,,,,,,,
,data,data,0x53F,8,sensor data,sensor data,sensor data,sensor data,sensor data,sensor data,sensor data,sensor data,10,DATA_RESERVED_53F,0x53F reserved private msg for 64-bit sensor data,,,,,,,,,,
,,,,,,,,,,,,,,,,,,,,,,,,,
,,,,,,,,,,,,,,,,,,,,,,,,,
,,,,,,,,,,,,,,,,,,,,,,,,,
,,,,,,,,,,,,,,,,,,,,,,,,,
,,,,,,,,,,,,,,,,,,,,,,,,,
,,,,,,,,,,,,,,,,,,,,,,,,,
,,,,,,,,,,,,,,,,,,,,,,,,,
,,,,,,,,,,,,,,,,,,,,,,,,,
,,,,,,,,,,,,,,,,,,,,,,,,,
,,,,,priority 6: reserved,,,,,,,,,,,,,,,,,,,,
,,,,,,,,,,,,,,,,,,,,,,,,,
,,,,,,,,,,,,,,,,,,,,,,,,,
,,,,,,,,,,,,,,,,,,,,,,,,,
,,,,,,,,,,,,,,,,,,,,,,,,,
,,,,,,,,,,,,,,,,,,,,,,,,,
,,,,,,,,,,,,,,,,,,,,,,,,,
,,,,,,,,,,,,,,,,,,,,,,,,,
,,,,,,,,,,,,,,,,,,,,,,,,,
,,,,,,,,,,,,,,,,,,,,,,,,,
,,,,,,,,,,,,,,,,,,,,,,,,,
,,,,,,,,,,,,,,,,,,,,,,,,,
,,,,,,,,,,,,,,,,,,,,,,,,,
,,,,,,,,,,,,,,,,,,,,,,,,,
,,,,,,,,,,,,,,,,,,,,,,,,,
,,,,,priority 7: introduction messages,,,,,,,,,,,,,,,,,,,,
,disp,data,0x700,8,node id,node id,node id,node id,sub module index,config 0,config 1,config 2,1,DISP_ANALOG_LED_STRIP,analog led strip,,,,,,,,,,
,disp,data,0x701,8,node id,node id,node id,node id,sub module index,config 0,config 1,config 2,1,DISP_ARGB_BUTTON_BACKLIGHT,argb button backlight,,,,,,,,,,
,disp,data,0x702,8,node id,node id,node id,node id,sub module index,config 0,config 1,config 2,1,DISP_ARGB_LED_STRIP,argb led strip,,,,,,,,,,
,disp,data,0x703,8,node id,node id,node id,node id,sub module index,config 0,config 1,config 2,1,DISP_STROBE_MODULE,strobe module,,,,,,,,,,
,disp,data,0x704,8,node id,node id,node id,node id,sub module index,config 0,config 1,config 2,1,DISP_RESERVED_704,disp reserved 704,,,,,,,,,,
,disp,data,0x705,8,node id,node id,node id,node id,sub module index,config 0,config 1,config 2,1,DISP_OLED,non-touch oled display,,,,,,,,,,
,disp,data,0x706,8,node id,node id,node id,node id,sub module index,config 0,config 1,config 2,1,DISP_RESERVED_706,disp reserved 706,,,,,,,,,,
,disp,data,0x707,8,node id,node id,node id,node id,sub module index,config 0,config 1,config 2,1,DISP_NON_TOUCH_LCD,non touch lcd,,,,,,,,,,
,disp,data,0x708,8,node id,node id,node id,node id,sub module index,config 0,config 1,config 2,1,DISP_NO_BACKLIGHT,disp no backlight,,,,,,,,,,
,disp,data,0x709,8,node id,node id,node id,node id,sub module index,config 0,config 1,config 2,1,DISP_ARGB_BACKLIGHT,disp argb backlight,,,,,,,,,,
,disp,data,0x70A,8,node id,node id,node id,node id,sub module index,config 0,config 1,config 2,1,DISP_ANALOG_BACKLIGHT,disp analog backlight,,,,,,,,,,
,disp,data,0x70B,8,node id,node id,node id,node id,sub module index,config 0,config 1,config 2,1,DISP_TOUCHSCREEN_LCD,disp touchscreen lcd,,,,,,,,,,
,disp,data,0x70C,8,node id,node id,node id,node id,sub module index,config 0,config 1,config 2,1,DISP_MONOCHROME_LED,monochrome led,,,,,,,,,,
,disp,data,0x70D,8,node id,node id,node id,node id,sub module index,config 0,config 1,config 2,1,DISP_RESERVED_70D,disp reserved 70d,,,,,,,,,,
,disp,data,0x70E,8,node id,node id,node id,node id,sub module index,config 0,config 1,config 2,1,DISP_RESERVED_70E,disp reserved 70e,,,,,,,,,,
,disp,data,0x70F,8,node id,node id,node id,node id,sub module index,config 0,config 1,config 2,1,DISP_RESERVED_70F,disp reserved 70f,,,,,,,,,,
,input,data,0x710,8,node id,node id,node id,node id,sub module index,config 0,config 1,config 2,1,INPUT_ANALOG_ADC,input analog adc,,,,,,,,,,
,input,data,0x711,8,node id,node id,node id,node id,sub module index,config 0,config 1,config 2,1,INPUT_DIGITAL_GPIO,input digital gpio,,,,,,,,,,
,input,data,0x712,8,node id,node id,node id,node id,sub module index,config 0,config 1,config 2,1,INPUT_RESERVED_712,input reserved 712,,,,,,,,,,
,input,data,0x713,8,node id,node id,node id,node id,sub module index,config 0,config 1,config 2,1,INPUT_VIRTUAL_KEYPAD,input virtual keypad,,,,,,,,,,
,input,data,0x714,8,node id,node id,node id,node id,sub module index,config 0,config 1,config 2,1,INPUT_ANALOG_KNOB,analog knob input,,,,,,,,,,
,input,data,0x715,8,node id,node id,node id,node id,sub module index,config 0,config 1,config 2,1,INPUT_JOG_DIAL_CLICK,jog dial with click,,,,,,,,,,
,input,data,0x716,8,node id,node id,node id,node id,sub module index,config 0,config 1,config 2,1,INPUT_JOG_DIAL_NOCLICK,jog dial without click,,,,,,,,,,
,input,data,0x717,8,node id,node id,node id,node id,sub module index,config 0,config 1,config 2,1,INPUT_MOTION_DET,motion detector,,,,,,,,,,
,input,data,0x718,8,node id,node id,node id,node id,sub module index,config 0,config 1,config 2,1,INPUT_CAP_TOUCH,capacitive touch switch stand-alone,,,,,,,,,,
,input,data,0x719,8,node id,node id,node id,node id,sub module index,config 0,config 1,config 2,1,INPUT_RESERVED_719,input reserved 719,,,,,,,,,,
,input,data,0x71A,8,node id,node id,node id,node id,sub module index,config 0,config 1,config 2,1,INPUT_RESERVED_71A,input reserved 71a,,,,,,,,,,
,input,data,0x71B,8,node id,node id,node id,node id,sub module index,config 0,config 1,config 2,1,INPUT_RESERVED_71B,input reserved 71b,,,,,,,,,,
,input,data,0x71C,8,node id,node id,node id,node id,sub module index,config 0,config 1,config 2,1,INPUT_RESERVED_71C,input reserved 71c,,,,,,,,,,
,input,data,0x71D,8,node id,node id,node id,node id,sub module index,config 0,config 1,config 2,1,INPUT_RESERVED_71D,input reserved 71d,,,,,,,,,,
,input,data,0x71E,8,node id,node id,node id,node id,sub module index,config 0,config 1,config 2,1,INPUT_RESERVED_71E,input reserved 71e,,,,,,,,,,
,input,data,0x71F,8,node id,node id,node id,node id,sub module index,config 0,config 1,config 2,1,INPUT_RESERVED_71F,input reserved 71f,,,,,,,,,,
,sensor,data,0x720,8,node id,node id,node id,node id,sub module index,config 0,config 1,config 2,1,SENSOR_DIGITAL_TEMP,sensor digital temp,,,,,,,,,,
,sensor,data,0x721,8,node id,node id,node id,node id,sub module index,config 0,config 1,config 2,1,SENSOR_KTYPE_TEMP,sensor ktype temp,,,,,,,,,,
,sensor,data,0x722,8,node id,node id,node id,node id,sub module index,config 0,config 1,config 2,1,SENSOR_NODE_LASTBOOT,sensor node last boot timestamp,,,,,,,,,,
,sensor,data,0x723,8,node id,node id,node id,node id,sub module index,config 0,config 1,config 2,1,SENSOR_NODE_PCB_TEMP,sensor node pcb temp,,,,,,,,,,
,sensor,data,0x724,8,node id,node id,node id,node id,sub module index,config 0,config 1,config 2,1,SENSOR_NODE_CPU_TEMP,sensor node cpu temp,,,,,,,,,,
,sensor,data,0x725,8,node id,node id,node id,node id,sub module index,config 0,config 1,config 2,1,SENSOR_EXT_VOLTAGE,sensor ext voltage,,,,,,,,,,
,sensor,data,0x726,8,node id,node id,node id,node id,sub module index,config 0,config 1,config 2,1,SENSOR_INT_VOLTAGE,sensor int voltage,,,,,,,,,,
,sensor,data,0x727,8,node id,node id,node id,node id,sub module index,config 0,config 1,config 2,1,SENSOR_INT_CURRENT,sensor int current,,,,,,,,,,
,sensor,data,0x728,8,node id,node id,node id,node id,sub module index,config 0,config 1,config 2,1,SENSOR_EXT_CURRENT_SHUNT,sensor ext current shunt,,,,,,,,,,
,sensor,data,0x729,8,node id,node id,node id,node id,sub module index,config 0,config 1,config 2,1,SENSOR_EXT_CURRENT_HALL,sensor ext current hall,,,,,,,,,,
,sensor,data,0x72A,8,node id,node id,node id,node id,sub module index,config 0,config 1,config 2,1,SENSOR_RESERVED_72A,sensor reserved 72a,,,,,,,,,,
,sensor,data,0x72B,8,node id,node id,node id,node id,sub module index,config 0,config 1,config 2,1,SENSOR_RESERVED_72B,sensor reserved 72b,,,,,,,,,,
,sensor,data,0x72C,8,node id,node id,node id,node id,sub module index,config 0,config 1,config 2,1,SENSOR_RESERVED_72C,sensor reserved 72c,,,,,,,,,,
,sensor,data,0x72D,8,node id,node id,node id,node id,sub module index,config 0,config 1,config 2,1,SENSOR_RESERVED_72D,sensor reserved 72d,,,,,,,,,,
,sensor,data,0x72E,8,node id,node id,node id,node id,sub module index,config 0,config 1,config 2,1,SENSOR_RESERVED_72E,sensor reserved 72e,,,,,,,,,,
,sensor,data,0x72F,8,node id,node id,node id,node id,sub module index,config 0,config 1,config 2,1,SENSOR_RESERVED_72F,sensor reserved 72f,,,,,,,,,,
,sensor2,data,0x730,8,node id,node id,node id,node id,sub module index,config 0,config 1,config 2,1,INPUT_AMBIENT_LIGHT,input ambient light,,,,,,,,,,
,sensor2,data,0x731,8,node id,node id,node id,node id,sub module index,config 0,config 1,config 2,1,IMU_X_AXIS_SENSOR,IMU X Axis sensor,,,,,,,,,,
,sensor2,data,0x732,8,node id,node id,node id,node id,sub module index,config 0,config 1,config 2,1,IMU_Y_AXIS_SENSOR,IMU Y Axis sensor,,,,,,,,,,
,sensor2,data,0x733,8,node id,node id,node id,node id,sub module index,config 0,config 1,config 2,1,IMU_Z_AXIS_SENSOR,IMU Z Axis sensor,,,,,,,,,,
,sensor2,data,0x734,8,node id,node id,node id,node id,sub module index,config 0,config 1,config 2,1,IMU_X_GYRO_SENSOR,IMU X Gyro sensor,,,,,,,,,,
,sensor2,data,0x735,8,node id,node id,node id,node id,sub module index,config 0,config 1,config 2,1,IMU_Y_GYRO_SENSOR,IMU Y Gyro sensor,,,,,,,,,,
,sensor2,data,0x736,8,node id,node id,node id,node id,sub module index,config 0,config 1,config 2,1,IMU_Z_GYRO_SENSOR,IMU Z Gyro sensor,,,,,,,,,,
,sensor2,data,0x737,8,node id,node id,node id,node id,sub module index,config 0,config 1,config 2,1,IMU_TEMP_SENSOR,IMU temp sensor,,,,,,,,,,
,sensor2,data,0x738,8,node id,node id,node id,node id,sub module index,config 0,config 1,config 2,1,GPS_UTC_TIME,GPS utc time,,,,,,,,,,
,sensor2,data,0x739,8,node id,node id,node id,node id,sub module index,config 0,config 1,config 2,1,GPS_LATITUDE,GPS latitude,,,,,,,,,,
,sensor2,data,0x73A,8,node id,node id,node id,node id,sub module index,config 0,config 1,config 2,1,GPS_NS_IND,GPS NS IND,,,,,,,,,,
,sensor2,data,0x73B,8,node id,node id,node id,node id,sub module index,config 0,config 1,config 2,1,GPS_LONGITUDE,GPS longitude,,,,,,,,,,
,sensor2,data,0x73C,8,node id,node id,node id,node id,sub module index,config 0,config 1,config 2,1,GPS_EW_IND,GPS EW IND,,,,,,,,,,
,sensor2,data,0x73D,8,node id,node id,node id,node id,sub module index,config 0,config 1,config 2,1,GPS_ALTITUDE,GPS altitude,,,,,,,,,,
,sensor2,data,0x73E,8,node id,node id,node id,node id,sub module index,config 0,config 1,config 2,1,GPS_STATUS,GPS status,,,,,,,,,,
,sensor2,data,0x73F,8,node id,node id,node id,node id,sub module index,config 0,config 1,config 2,1,SENSOR2_RESERVED_73F,sensor2 reserved 73f,,,,,,,,,,
,out,data,0x740,8,node id,node id,node id,node id,sub module index,config 0,config 1,config 2,1,OUT_HIGH_CURRENT_SW,high current solid state switch,,,,,,,,,,
,out,data,0x741,8,node id,node id,node id,node id,sub module index,config 0,config 1,config 2,1,OUT_LOW_CURRENT_SW,low current solid state switch,,,,,,,,,,
,out,data,0x742,8,node id,node id,node id,node id,sub module index,config 0,config 1,config 2,1,OUT_OPEN_DRAIN,open drain output,,,,,,,,,,
,out,data,0x743,8,node id,node id,node id,node id,sub module index,config 0,config 1,config 2,1,OUT_MECH_RELAY,mechanical relay,,,,,,,,,,
,out,data,0x744,8,node id,node id,node id,node id,sub module index,config 0,config 1,config 2,1,OUT_GPIO_DIGITAL,gpio digital,,,,,,,,,,
,out,data,0x745,8,node id,node id,node id,node id,sub module index,config 0,config 1,config 2,1,OUT_GPIO_PWM,gpio pwm,,,,,,,,,,
,out,data,0x746,8,node id,node id,node id,node id,sub module index,config 0,config 1,config 2,1,OUT_GPIO_DAC,gpio dac,,,,,,,,,,
,out,data,0x747,8,node id,node id,node id,node id,sub module index,config 0,config 1,config 2,1,OUT_RESERVED_747,out reserved 747,,,,,,,,,,
,out,data,0x748,8,node id,node id,node id,node id,sub module index,config 0,config 1,config 2,1,OUT_RESERVED_748,out reserved 748,,,,,,,,,,
,out,data,0x749,8,node id,node id,node id,node id,sub module index,config 0,config 1,config 2,1,OUT_RESERVED_749,out reserved 749,,,,,,,,,,
,out,data,0x74A,8,node id,node id,node id,node id,sub module index,config 0,config 1,config 2,1,OUT_RESERVED_74A,out reserved 74a,,,,,,,,,,
,out,data,0x74B,8,node id,node id,node id,node id,sub module index,config 0,config 1,config 2,1,OUT_RESERVED_74B,out reserved 74b,,,,,,,,,,
,out,data,0x74C,8,node id,node id,node id,node id,sub module index,config 0,config 1,config 2,1,OUT_RESERVED_74C,out reserved 74c,,,,,,,,,,
,out,data,0x74D,8,node id,node id,node id,node id,sub module index,config 0,config 1,config 2,1,OUT_RESERVED_74D,out reserved 74d,,,,,,,,,,
,out,data,0x74E,8,node id,node id,node id,node id,sub module index,config 0,config 1,config 2,1,OUT_RESERVED_74E,out reserved 74e,,,,,,,,,,
,out,data,0x74F,8,node id,node id,node id,node id,sub module index,config 0,config 1,config 2,1,OUT_RESERVED_74F,out reserved 74f,,,,,,,,,,
,intro,data,0x750,8,node id,node id,node id,node id,sub module index,crc16,crc16,reserved,1,INTRO_RESERVED_750,intro reserved 750,,,,,,,,,,
,intro,data,0x751,8,node id,node id,node id,node id,sub module index,crc16,crc16,reserved,1,INTRO_RESERVED_751,intro reserved 751,,,,,,,,,,
,intro,data,0x752,8,node id,node id,node id,node id,sub module index,crc16,crc16,reserved,1,INTRO_RESERVED_752,intro reserved 752,,,,,,,,,,
,intro,data,0x753,8,node id,node id,node id,node id,sub module index,crc16,crc16,reserved,1,INTRO_RESERVED_753,intro reserved 753,,,,,,,,,,
,intro,data,0x754,8,node id,node id,node id,node id,sub module index,crc16,crc16,reserved,1,INTRO_RESERVED_754,intro reserved 754,,,,,,,,,,
,intro,data,0x755,8,node id,node id,node id,node id,sub module index,crc16,crc16,reserved,1,INTRO_RESERVED_755,intro reserved 755,,,,,,,,,,
,intro,data,0x756,8,node id,node id,node id,node id,sub module index,crc16,crc16,reserved,1,INTRO_RESERVED_756,intro reserved 756,,,,,,,,,,
,intro,data,0x757,8,node id,node id,node id,node id,sub module index,crc16,crc16,reserved,1,INTRO_RESERVED_757,intro reserved 757,,,,,,,,,,
,intro,data,0x758,8,node id,node id,node id,node id,sub module index,crc16,crc16,reserved,1,INTRO_RESERVED_758,intro reserved 758,,,,,,,,,,
,intro,data,0x759,8,node id,node id,node id,node id,sub module index,crc16,crc16,reserved,1,INTRO_RESERVED_759,intro reserved 759,,,,,,,,,,
,intro,data,0x75A,8,node id,node id,node id,node id,sub module index,crc16,crc16,reserved,1,INTRO_RESERVED_75A,intro reserved 75a,,,,,,,,,,
,intro,data,0x75B,8,node id,node id,node id,node id,sub module index,crc16,crc16,reserved,1,INTRO_RESERVED_75B,intro reserved 75b,,,,,,,,,,
,intro,data,0x75C,8,node id,node id,node id,node id,sub module index,crc16,crc16,reserved,1,INTRO_RESERVED_75C,intro reserved 75c,,,,,,,,,,
,intro,data,0x75D,8,node id,node id,node id,node id,sub module index,crc16,crc16,reserved,1,INTRO_RESERVED_75D,intro reserved 75d,,,,,,,,,,
,intro,data,0x75E,8,node id,node id,node id,node id,sub module index,crc16,crc16,reserved,1,INTRO_RESERVED_75E,intro reserved 75e,,,,,,,,,,
,intro,data,0x75F,8,node id,node id,node id,node id,sub module index,crc16,crc16,reserved,1,INTRO_RESERVED_75F,intro reserved 75f,,,,,,,,,,
,sys,data,0x760,8,node id,node id,node id,node id,sub module index,crc16,crc16,reserved,1,SYS_RESERVED_760,sys reserved 760,,,,,,,,,,
,sys,data,0x761,8,node id,node id,node id,node id,sub module index,crc16,crc16,reserved,1,SYS_RESERVED_761,sys reserved 761,,,,,,,,,,
,sys,data,0x762,8,node id,node id,node id,node id,sub module index,crc16,crc16,reserved,1,SYS_RESERVED_762,sys reserved 762,,,,,,,,,,
,sys,data,0x763,8,node id,node id,node id,node id,sub module index,crc16,crc16,reserved,1,SYS_RESERVED_763,sys reserved 763,,,,,,,,,,
,sys,data,0x764,8,node id,node id,node id,node id,sub module index,crc16,crc16,reserved,1,SYS_RESERVED_764,sys reserved 764,,,,,,,,,,
,sys,data,0x765,8,node id,node id,node id,node id,sub module index,crc16,crc16,reserved,1,SYS_RESERVED_765,sys reserved 765,,,,,,,,,,
,sys,data,0x766,8,node id,node id,node id,node id,sub module index,crc16,crc16,reserved,1,SYS_RESERVED_766,sys reserved 766,,,,,,,,,,
,sys,data,0x767,8,node id,node id,node id,node id,sub module index,crc16,crc16,reserved,1,SYS_RESERVED_767,sys reserved 767,,,,,,,,,,
,sys,data,0x768,8,node id,node id,node id,node id,sub module index,crc16,crc16,reserved,1,SYS_RESERVED_768,sys reserved 768,,,,,,,,,,
,sys,data,0x769,8,node id,node id,node id,node id,sub module index,crc16,crc16,reserved,1,SYS_RESERVED_769,sys reserved 769,,,,,,,,,,
,sys,data,0x76A,8,node id,node id,node id,node id,sub module index,crc16,crc16,reserved,1,SYS_RESERVED_76A,sys reserved 76a,,,,,,,,,,
,sys,data,0x76B,8,node id,node id,node id,node id,sub module index,crc16,crc16,reserved,1,SYS_RESERVED_76B,sys reserved 76b,,,,,,,,,,
,sys,data,0x76C,8,node id,node id,node id,node id,sub module index,crc16,crc16,reserved,1,SYS_RESERVED_76C,sys reserved 76c,,,,,,,,,,
,sys,data,0x76D,8,node id,node id,node id,node id,sub module index,crc16,crc16,reserved,1,SYS_RESERVED_76D,sys reserved 76d,,,,,,,,,,
,sys,data,0x76E,8,node id,node id,node id,node id,sub module index,crc16,crc16,reserved,1,SYS_RESERVED_76E,sys reserved 76e,,,,,,,,,,
,sys,data,0x76F,8,node id,node id,node id,node id,sub module index,crc16,crc16,reserved,1,SYS_RESERVED_76F,sys reserved 76f,,,,,,,,,,
,sys,data,0x770,8,node id,node id,node id,node id,sub module index,crc16,crc16,reserved,1,SYS_RESERVED_770,sys reserved 770,,,,,,,,,,
,sys,data,0x771,8,node id,node id,node id,node id,sub module index,crc16,crc16,reserved,1,SYS_RESERVED_771,sys reserved 771,,,,,,,,,,
,sys,data,0x772,8,node id,node id,node id,node id,sub module index,crc16,crc16,reserved,1,SYS_RESERVED_772,sys reserved 772,,,,,,,,,,
,sys,data,0x773,8,node id,node id,node id,node id,sub module index,crc16,crc16,reserved,1,SYS_RESERVED_773,sys reserved 773,,,,,,,,,,
,sys,data,0x774,8,node id,node id,node id,node id,sub module index,crc16,crc16,reserved,1,SYS_RESERVED_774,sys reserved 774,,,,,,,,,,
,sys,data,0x775,8,node id,node id,node id,node id,sub module index,crc16,crc16,reserved,1,SYS_RESERVED_775,sys reserved 775,,,,,,,,,,
,sys,data,0x776,8,node id,node id,node id,node id,sub module index,crc16,crc16,reserved,1,SYS_RESERVED_776,sys reserved 776,,,,,,,,,,
,sys,data,0x777,8,node id,node id,node id,node id,sub module index,crc16,crc16,reserved,1,SYS_RESERVED_777,sys reserved 777,,,,,,,,,,
,sys,data,0x778,8,node id,node id,node id,node id,sub module index,crc16,crc16,reserved,1,SYS_RESERVED_778,sys reserved 778,,,,,,,,,,
,sys,data,0x779,8,node id,node id,node id,node id,sub module index,crc16,crc16,reserved,1,SYS_RESERVED_779,sys reserved 779,,,,,,,,,,
,sys,data,0x77A,8,node id,node id,node id,node id,sub module index,crc16,crc16,reserved,1,SYS_RESERVED_77A,sys reserved 77a,,,,,,,,,,
,sys,data,0x77B,8,node id,node id,node id,node id,sub module index,crc16,crc16,reserved,1,SYS_RESERVED_77B,sys reserved 77b,,,,,,,,,,
,sys,data,0x77C,8,node id,node id,node id,node id,sub module index,crc16,crc16,reserved,1,SYS_RESERVED_77C,sys reserved 77c,,,,,,,,,,
,sys,data,0x77D,8,node id,node id,node id,node id,sub module index,crc16,crc16,reserved,1,SYS_RESERVED_77D,sys reserved 77d,,,,,,,,,,
,sys,data,0x77E,8,node id,node id,node id,node id,sub module index,crc16,crc16,reserved,1,SYS_RESERVED_77E,sys reserved 77e,,,,,,,,,,
,sys,data,0x77F,8,node id,node id,node id,node id,sub module index,crc16,crc16,reserved,1,SYS_RESERVED_77F,sys reserved 77f,,,,,,,,,,
,box,data,0x780,8,node id,node id,node id,node id,submodule count,crc16,crc16,reserved,1,BOX_SW_3GANG,"3 gang switch box, 2 high, 1 low",,,,,,,,,,
,box,data,0x781,8,node id,node id,node id,node id,submodule count,crc16,crc16,reserved,1,BOX_SW_4GANG,"4-gang switch box, 2 high, 2 low",,,,,,,,,,
,box,data,0x782,8,node id,node id,node id,node id,submodule count,crc16,crc16,reserved,1,BOX_SW_6GANG_HIGH,"6-gang switch box, 4 high, 2 low",,,,,,,,,,
,box,data,0x783,8,node id,node id,node id,node id,submodule count,crc16,crc16,reserved,1,BOX_SW_6GANG_LOW,"6-gang switch box, 2 high, 4 low",,,,,,,,,,
,box,data,0x784,8,node id,node id,node id,node id,submodule count,crc16,crc16,reserved,1,BOX_SW_2GANG_HIGH,"2-gang switch box, 2 high",,,,,,,,,,
,box,data,0x785,8,node id,node id,node id,node id,submodule count,crc16,crc16,reserved,1,BOX_SW_2GANG_LOW,"2-gang switch box, 2 low",,,,,,,,,,
,box,data,0x786,8,node id,node id,node id,node id,submodule count,crc16,crc16,reserved,1,BOX_MULTI_4XTEMP,4-digital multi temp input box,,,,,,,,,,
,box,data,0x787,8,node id,node id,node id,node id,submodule count,crc16,crc16,reserved,1,BOX_SW_4RELAY,4-gang relay output box,,,,,,,,,,
,box,data,0x788,8,node id,node id,node id,node id,submodule count,crc16,crc16,reserved,1,BOX_MULTI_TVA,"temp, volt, current input box",,,,,,,,,,
,box,data,0x789,8,node id,node id,node id,node id,submodule count,crc16,crc16,reserved,1,BOX_SW_8RELAY,8-gang relay output box,,,,,,,,,,
,box,data,0x78A,8,node id,node id,node id,node id,submodule count,crc16,crc16,reserved,1,BOX_MULTI_4X4IO,"input - output box, 4 in, 4 out",,,,,,,,,,
,box,data,0x78B,8,node id,node id,node id,node id,submodule count,crc16,crc16,reserved,1,BOX_MULTI_IO,"input - output box, multiple options",,,,,,,,,,
,box,data,0x78C,8,node id,node id,node id,node id,submodule count,crc16,crc16,reserved,1,BOX_RESERVED_78C,box reserved 78c,,,,,,,,,,
,box,data,0x78D,8,node id,node id,node id,node id,submodule count,crc16,crc16,reserved,1,BOX_RESERVED_78D,box reserved 78d,,,,,,,,,,
,box,data,0x78E,8,node id,node id,node id,node id,submodule count,crc16,crc16,reserved,1,BOX_RESERVED_78E,box reserved 78e,,,,,,,,,,
,box,data,0x78F,8,node id,node id,node id,node id,submodule count,crc16,crc16,reserved,1,BOX_RESERVED_78F,box reserved 78f,,,,,,,,,,
,iface,data,0x790,8,node id,node id,node id,node id,submodule count,crc16,crc16,reserved,1,IFACE_8X4_ARGB_KEYPAD,8x4 argb keypad,,,,,,,,,,
,iface,data,0x791,8,node id,node id,node id,node id,submodule count,crc16,crc16,reserved,1,IFACE_4X4_ARGB_KEYPAD,4x4 argb keypad,,,,,,,,,,
,iface,data,0x792,8,node id,node id,node id,node id,submodule count,crc16,crc16,reserved,1,IFACE_TOUCHSCREEN_TYPE_A,touchscreen type a,,,,,,,,,,
,iface,data,0x793,8,node id,node id,node id,node id,submodule count,crc16,crc16,reserved,1,IFACE_TOUCHSCREEN_TYPE_B,touchscreen type b,,,,,,,,,,
,iface,data,0x794,8,node id,node id,node id,node id,submodule count,crc16,crc16,reserved,1,IFACE_NEXTION_TYPE_A,nextion type a,,,,,,,,,,
,iface,data,0x795,8,node id,node id,node id,node id,submodule count,crc16,crc16,reserved,1,IFACE_NEXTION_TYPE_B,nextion type b,,,,,,,,,,
,iface,data,0x796,8,node id,node id,node id,node id,submodule count,crc16,crc16,reserved,1,IFACE_RESERVED_796,iface reserved 796,,,,,,,,,,
,iface,data,0x797,8,node id,node id,node id,node id,submodule count,crc16,crc16,reserved,1,IFACE_RESERVED_797,iface reserved 797,,,,,,,,,,
,iface,data,0x798,8,node id,node id,node id,node id,submodule count,crc16,crc16,reserved,1,IFACE_RESERVED_798,iface reserved 798,,,,,,,,,,
,iface,data,0x799,8,node id,node id,node id,node id,submodule count,crc16,crc16,reserved,1,IFACE_6_AXIS_IMU,6 axis imu,,,,,,,,,,
,iface,data,0x79A,8,node id,node id,node id,node id,submodule count,crc16,crc16,reserved,1,IFACE_3X5_BUTTON_BOX,3x5 button box,,,,,,,,,,
,iface,data,0x79B,8,node id,node id,node id,node id,submodule count,crc16,crc16,reserved,1,IFACE_4X6_BUTTON_BOX,4x6 button box,,,,,,,,,,
,iface,data,0x79C,8,node id,node id,node id,node id,submodule count,crc16,crc16,reserved,1,IFACE_ARGB_MULTI,iface ARGB multi,,,,,,,,,,
,iface,data,0x79D,8,node id,node id,node id,node id,submodule count,crc16,crc16,reserved,1,IFACE_RESERVED_79D,iface reserved 79d,,,,,,,,,,
,iface,data,0x79E,8,node id,node id,node id,node id,submodule count,crc16,crc16,reserved,1,IFACE_RESERVED_79E,iface reserved 79e,,,,,,,,,,
,iface,data,0x79F,8,node id,node id,node id,node id,submodule count,crc16,crc16,reserved,1,IFACE_RESERVED_79F,iface reserved 79f,,,,,,,,,,